{"ax": [498.12542469780095, 395.36023131533767, 1.7913953083716787, -11.269853794919046, 16.28092547570966, 38.59676213234765, 333.6069722995989, 35.64612359725112], "ay": [440.34658931065036, -16.52373738141087, 111.86271896139915, 3.308639385134949, -5.686361735661019, -14.257442460091674, 12.296237899934471, -17.221662380043906], "norm": {"h_mean": 0.006310985234293983, "h_std": 0.039219980157045545, "v_mean": -0.11343617199643118, "v_std": 0.03408136444200828, "yaw_mean": -0.08103954927640988, "yaw_std": 0.1102057343568324, "pitch_mean": 0.05849699931731241, "pitch_std": 0.05926140195417913}, "w": 1024, "h_screen": 768}